N2TID,PackageID,PackageName
,1,A16 - a1x16
,2,A16 - a4x4
,3,A16 - a2x2tet
,4,A16 - a4x1tet
,5,CM16 - a1x16
,6,CM16 - a4x4
,7,CM16 - a2x2tet
,8,CM16 - a4x1tet
,9,F16 - a1x16
,10,F16 - a4x4
,11,F16 - a2x2tet
,12,F16 - a4x1tet
,13,Z16 - a1x16
,14,Z16 - a4x4
,15,Z16 - a2x2tet
,16,Z16 - a4x1tet
,17,C16 - c1x16
,18,C16 - c4x4
,19,C16 - c2x2tet
,20,C16 - c4x1tet
,21,A32 - a1x32
,22,A32 - a2x16
,23,A32 - a4x8
,24,A32 - a8x4
,25,A32 - a4x2tet
,26,A32 - a8x1tet
,27,CM32 - a1x32
,28,CM32 - a2x16
,29,CM32 - a4x8
,30,CM32 - a8x4
,31,CM32 - a4x2tet
,32,CM32 - a8x1tet
,34,F32 - a1x32
,35,F32 - a2x16
,36,F32 - a4x8
,37,F32 - a8x4
,38,F32 - a4x2tet
,39,F32 - a8x1tet
,41,Z32 - a1x32
,42,Z32 - a2x16
,43,Z32 - a4x8
,44,Z32 - a8x4
,45,Z32 - a4x2tet
,46,Z32 - a8x1tet
,47,Z64 - a8x8
,48,A64 - a8x8
,49,Generic 16
,50,Generic 32
,51,Generic 64
,52,AX12 - AX1x12
,53,AX6 -AX1x6
,54,H16 - a1x16
,55,H16 -a4x4
,56,H16 - a2x2tet
,57,H16 - a4x1tet
,58,HC16 - a1x16
,59,HC16 - a4x4
,60,HC16 - a2x2tet
,61,HC16 - a4x1tet
,62,HP16 - a1x16
,63,HP16 - a4x4
,64,HP16 - a2x2tet
,65,HP16 - a4x1tet
,66,HZ16 - a1x16
,67,HZ16 - a4x4
,68,HZ16 - a2x2tet
,69,HZ16 - a4x1tet
,70,MRC16 - c1x16
,71,MRC16 - c4x4
,72,MRC16 - c2x2tet
,73,MRC16 - c4x1tet
,74,MRCM16 - a1x16
,75,MRCM16 - a4x4
,76,MRCM16 - a2x2tet
,77,MRCM16 - a4x1tet
,78,D16 - a1x16
,82,DM16 - a1x16
,86,OA16 - a1x16
,90,CM16LP - a1x16
,91,CM16LP - a4x4
,92,CM16LP - a2x2tet
,93,CM16LP - a4x1tet
,94,H32 - a1x32
,95,H32 - a2x16
,96,H32 - a4x8
,97,H32 - a8x4
,98,H32 - a4x2tet
,99,H32 -a8x1tet
,100,HP32 - a1x32
,101,HP32 - a2x16
,102,HP32 - a4x8
,103,HP32 - a8x4
,104,HP32 - a4x2tet
,105,HP32 - a8x1tet
,106,HZ32 - a1x32
,107,HZ32 - a2x16
,108,HZ32 - a4x8
,109,HZ32 - a8x4
,110,HZ32 - a4x2tet
,111,HZ32 - a8x1tet
,112,MRC32 - a1x32
,113,MRC32 - a2x16
,114,MRC32 - a4x8
,115,MRC32 - a8x4
,116,MRC32 - a4x2tet
,117,MRC32 - a8x1tet
,118,MRCM32 - a1x32
,119,MRCM32 - a2x16
,120,MRCM32 - a4x8
,121,MRCM32 - a8x4
,122,MRCM32 - a4x2tet
,123,MRCM32 - a8x1tet
,124,OCM32 - a1x32
,130,Z32RS - a1x32
,131,Z32RS - a2x16
,132,Z32RS - a4x8
,133,Z32RS - a8x4
,134,Z32RS - a4x2tet
,135,Z32RS - a8x1tet
,136,A16 - a16x1
,137,CM16 - a16x1
,138,F16 - 16x1
,139,Z16 - a16x1
,140,H16 - a16x1
,141,HZ16 - a16x1
,142,HC16 - a16x1
,143,MRC16 - a16x1
,144,MRCM16 - a16x1
,145,A16 - a1x8
,146,C16 - a16x1
,147,C32 - a1x32
,148,C32 - a2x16
,149,C32 - a4x8
,150,C32 - a8x4
,151,C32 - a4x2tet
,152,C32 - a8x1tet
,153,CM16LP - a16x1
,154,HC32 - a1x32
,155,HC32 - a2x16
,156,HC32 - a4x2tet
,157,HC32 - a4x8
,158,HC32 - a8x1tet
,159,HC32 - a8x4
,160,HP16 - a16x1
,161,HZ64 - a8x8
,162,C32- c1x32
,163,C32- c4x8
,164,MRC32- c1x32
,165,MRC32- c4x8
,166,Z64 - Polytrode 1A
,167,Z64 - Polytrode 1B
,168,Z64 - Polytrode 1C
,169,Z64 - Polytrode 2A
,170,Z64 - Polytrode 2B
,172,CM16 - c1x16
,173,Buzsaki32-a4x8
,174,H32 - Buzsaki32
,175,Buzsaki32- a4x2 tet
,176,A128
,177,Buzsaki32- a8x1 tet
,178,Buzsaki64- a8x8
,179,C16- c1x8
,180,MRC16- c1x8
,181,Z64 - a2x32-10mm
,182,Buzsaki32- a2x16
,183,C16- a1x8
,184,A16pb32- a8x4
,185,A16pb32- a2x16
,186,A16pb32- a1x32
,187,F32_Isb- a4x8
,188,F32_Isb- a4x2 tet
,189,F32_Isb- a8x4
,190,F32_Isb- Buzsaki32
,191,A64 -Polytrode2A
,192,A64- Polytrode2B
,193,A64- Polytrode1C
,194,A64- Polytrode1A
,195,A64- Polytrode1B
,196,CM32 - Buzsaki32
,198,HZ32 - Buzsaki32
,199,H32 - E32-300
,200,HC32 - E32
,201,HP32 - E32
,202,HZ32 - E32
,203,H32 - E32T
,204,HC32 - E32T
,205,HP32 - E32T
,206,HZ32 - E32T
,207,MRHC32 -E32
,208,MRHC32-E32T
,209,C16 - a1x16
,210,AX-1x4tri
,211,HZ64-Buzsaki64
,212,D16 - c1x16
,213,HC64 - a8x8
,214,H64 - a8x8
,216,HC16 - E16barrel
,218,H64 - a2x32-10mm
,219,HC64 - a2x32-10mm
,220,A64 - a2x32-10mm
,221,HZ64 - a2x32-10mm
,223,H64 - a2x32-6mm
,224,H64 - a1x64
,225,A16pb32- a4x2tet
,226,Z64 - Buzsaki64
,227,HZ32 - SEE
,228,H16 - E16barrel
,229,Buzsaki32Lsp-B32
,230,OZ32 - a1x32
,231,OA32 - a1x32
,234,HC32 - BhattiCustom
,236,H16 - E16
,237,HC32 - CustomMiddlebrooks
,239,OCM16 - a1x16
,240,A4-a1x4
,241,MRA16 - a1x16
,242,A32 - a1x32 Poly3
,243,A32- a1x32 Poly2
,244,A128 - Custom128 3D A
,245,H32 - a1x32 Poly3
,246,MRCM16_pb32 - a1x32
,247,CM16pb32 - a4x8
,248,H64 - Buzsaki64L
,249,H64 - Buzsaki64spL
,250,H64 - Buzsaki64
,251,H64 - Buzsaki64sp
,252,A16 - a1x16 Poly2
,253,H32 - a1x32 Poly2
,254,CM32 - a1x32 Poly2
,255,A64 - a4x16
,256,IVA16 - a16x1
,257,CM16 - A1x16 Poly2
,258,Z16 - a1x16Poly2
,259,HZ16 - a1x16Poly2
,260,HC16 - a1x16Poly2
,261,HP16 - a1x16Poly2
,263,A32 - Buzsaki32
,264,CM32 - a1x32Poly3
,265,HC32 - Buzsaki32
,266,HC32 - a1x32Poly2
,267,HC32 - a1x32Poly3
,269,OZ16 - a1x16
,270,PNI32 - Intraneural
,271,PNI32 - Epineural
,272,PNI32 - Epimysial
,273,PNI32 - Epimysial Tabs
,274,OA32 - a4x8
,275,OA32 - a1x32 Edge
,276,HC32 - a1x32 Edge
,277,Z32 - Buzsaki32
,278,Z32 - a1x32Poly2
,279,Z32 - a1x32Poly3
,280,HZ32 - a1x32Poly2
,281,HZ32 - a1x32Poly3
,282,HZ32 - a1x32Edge
,283,A64 - Buzsaki64
,284,A64 - Buzsaki64sp
,285,H32 - a1x32 Edge
,287, Isomura16_v2-A16
,288,Z64 - a4x16
,289,Z64 - Buzsaki64sp
,290,HZ64 - Buzsaki64sp
,293,OA32 - a1x32 Poly3
,294,OA16 - a2x2tet
,295,PN30 - E32
,296,H32 - rDBSA
,297,HC32 - rDBSA
,298,MR_AX12 - AX1x12
,299,HC16MRI - E4-500-45-125
,300,H32 -E1x21
,301,OA32 - a1x32 Poly2
,302,HC16 - E16
,303,HZ16 - E16barrel
,304,HZ16 - E16
,305,H32 - E32-1000-20
,306,H32 - E32-600
,307,H32 - E32-2000
,308,H32 - E32-3000
,309,H32 - E32-1000-30
,310,HC32 - E32-300
,311,HC32 - E32-1000-20
,312,HC32 - E32-600
,313,HC32 - E32-2000
,314,HC32 - E32-3000
,315,HC32 - E32-1000-30
,316,HZ32 - E32-300
,317,HZ32 - rDBSA
,318,HZ32 - E32-1000-20
,319,HZ32 - E32-600
,320,HZ32 - E32-2000
,321,HZ32 - E32-3000
,322,HZ32 - E32-1000-30
,323,OA16 - a2x2tet
,324,OA32 - a4x2tet
,325,OM16 - a1x32 Poly2
,326,OCM32 - a1X32Edge
,327,OCM32 - a1x32 Poly2
,328,OCM32 - a1x32 Poly3
,329,OCM32 - a2x16
,330,OCM32 - a4x8
,331,OCM32 - a4x2tet
,332,OZ32 - a1x32 Edge
,333,OZ32 - a1x32 Poly2
,334,OZ32 - a1x32 Poly3
,335,OZ32 - a2x16
,336,OZ32 - a4x8
,337,OZ32 - a4x2tet
,338,OA32 - a2x16
,339,H16  - E16barrel
,340,H16 - E16t
,341,HC16 - E16tbarrel
,342,HC16 - e16t
,343,HZ16 - E16tbarrel
,344,HZ16 - E16t
,345,H32 - rDBSAt
,346,H32 - E32t-300
,347,H32 - E32t-1000-20
,348,H32 - E32t-600
,349,H32 - E32t-2000
,350,H32 - E32t-3000
,351,H32 - E32t-1000-30
,352,HC32 - rDBSAt
,353,HC32 - E32t-300
,354,HC32 - E32t-1000-20
,355,HC32 - E32t-600
,356,HC32 - E32t-2000
,357,HC32- E32t-3000
,358,HC32 - E32t-1000-30
,359,HZ32 - rDBSAt
,360,HZ32 - E32t-300
,361,HZ32 - E32t-1000-20
,362,HZ32 - E32t-600
,363,HZ32 -E32t-2000
,364,HZ32 - E32t-3000
,365,HZ32 -E32t-1000-30
,366,H32D - Dual Probe
,367,A1x16-5mm-100-703-H16d_15mm
,368,H64 - E64-500-20-60
,369,Q4 - Q1x1tet_A16
,370,Q4 - Q1x1tet_A32
,371,Q4 - Q1x1tet_OM16
,372,Q4 - Q1x1tet_OM32
,373,Q4 - Q1x4_A16
,374,HC32 - E1x21
,375,HC32rev3b - rDBSA
,376,3D_32 - a2X8
,377,3D_32 - a4x4
,378,CM16 - a1x8
,379,A32 - a1x32 Edge
,380,AXIAL DIP16 - E1x16
,381,HC32 - AX1x32
,382,HP32 - P1x32
,383,HC16 - E2x4
,384,MRHC32 - E32-1000-30
,385,MRHC32 - E32-1000-20
,386,HP32 - P1x32Poly
,387,3D64 - 32
,388,3D64 - 64
,389,CM16LP - a1x16Poly2
,390,H16 - a1x16Poly2
,391,MRCM16- a1x16Poly2
,392,HC16 - Epimysial
,393,H64 - a4x16
,394,MRCM32 - a1x32Poly3
,395,A16 - 3x5
,396,CM16 - 3x5
,397,A64 - 1x64Poly2
,398,A64 - 2x32-6mm
,399,H16 - E16-Var
,400,HC16 - E16-Var
,401,HC64 - a1x64Poly2
,402,HC64 - a2x32-6mm
,403,HZ16 - E16-Var
,404,HZ64 - a1x64Poly2
,405,HZ64 - a2x32-6mm
,406,Z64 - 1x64Poly2
,407,Z64 - a2x32-6mm
,408,MRHC332 - E32-2000
,409,64CH_3D - A_4x4
,410,64CH_3D - B_4x4
,411,OA16 - a1x16Poly2
,412,OCM16 - a1x16Poly2
,413,OZ16 - a1x16Pol2
,414,64CH_3D_1PCB - a4x4
,415,H32 - E32-80s
,416,MRA1632 - a1x32
,417,A128 - Custom128 3D B
,418,A64 - a2x32-5mm
,419,H32 - a2x16-nii
,420,H64 - E64-Kanzaki
,421,HM64 - Buzsaki64
,422,A16 - 2x8
,423,A96 - HS1 Gen32
,426,A16 - a1x16Poly2
,427,H16 - a1x16Poly2
,428,HC16 - a1x16Poly2
,429,HZ16 - a1x16Poly2
,430,Z16 - a1x16Poly2
,431,Phillip Dual - a1x8
